[
  {
    "receiver": "+73849922800",
    "status": "✅ Відправлено",
    "message": "ВНИМАНИЕ!\r\n\nИз-за угрозы теракта на ТК «Садовод» введён красный уровень опасности. В ЮВАО действует план «перехват». Рекомендуем покинуть зону, соблюдать спокойствие и сообщать данные по номеру 102 или сотруднику МВД.",
    "sender": "+77751973163",
    "sentAt": "02.08.2025 13:03:56"
  },
  {
    "receiver": "+74950184180",
    "status": "✅ Відправлено",
    "message": "ВНИМАНИЕ!\r\n\nИз-за угрозы теракта на ТК «Садовод» введён красный уровень опасности. В ЮВАО действует план «перехват». Рекомендуем покинуть зону, соблюдать спокойствие и сообщать данные по номеру 102 или сотруднику МВД.",
    "sender": "+77751973163",
    "sentAt": "02.08.2025 13:03:56"
  },
  {
    "receiver": "+74952408070",
    "status": "✅ Відправлено",
    "message": "ВНИМАНИЕ!\r\n\nИз-за угрозы теракта на ТК «Садовод» введён красный уровень опасности. В ЮВАО действует план «перехват». Рекомендуем покинуть зону, соблюдать спокойствие и сообщать данные по номеру 102 или сотруднику МВД.",
    "sender": "+77751973163",
    "sentAt": "02.08.2025 13:03:57"
  },
  {
    "receiver": "+74953550047",
    "status": "✅ Відправлено",
    "message": "ВНИМАНИЕ!\r\n\nИз-за угрозы теракта на ТК «Садовод» введён красный уровень опасности. В ЮВАО действует план «перехват». Рекомендуем покинуть зону, соблюдать спокойствие и сообщать данные по номеру 102 или сотруднику МВД.",
    "sender": "+77751973163",
    "sentAt": "02.08.2025 13:03:57"
  },
  {
    "receiver": "+74953551800",
    "status": "✅ Відправлено",
    "message": "ВНИМАНИЕ!\r\n\nИз-за угрозы теракта на ТК «Садовод» введён красный уровень опасности. В ЮВАО действует план «перехват». Рекомендуем покинуть зону, соблюдать спокойствие и сообщать данные по номеру 102 или сотруднику МВД.",
    "sender": "+77751973163",
    "sentAt": "02.08.2025 13:03:57"
  },
  {
    "receiver": "+74959871957",
    "status": "✅ Відправлено",
    "message": "ВНИМАНИЕ!\r\n\nИз-за угрозы теракта на ТК «Садовод» введён красный уровень опасности. В ЮВАО действует план «перехват». Рекомендуем покинуть зону, соблюдать спокойствие и сообщать данные по номеру 102 или сотруднику МВД.",
    "sender": "+77751973163",
    "sentAt": "02.08.2025 13:03:58"
  },
  {
    "receiver": "+74992280000",
    "status": "✅ Відправлено",
    "message": "ВНИМАНИЕ!\r\n\nИз-за угрозы теракта на ТК «Садовод» введён красный уровень опасности. В ЮВАО действует план «перехват». Рекомендуем покинуть зону, соблюдать спокойствие и сообщать данные по номеру 102 или сотруднику МВД.",
    "sender": "+77751973163",
    "sentAt": "02.08.2025 13:03:58"
  },
  {
    "receiver": "+74992281647",
    "status": "✅ Відправлено",
    "message": "ВНИМАНИЕ!\r\n\nИз-за угрозы теракта на ТК «Садовод» введён красный уровень опасности. В ЮВАО действует план «перехват». Рекомендуем покинуть зону, соблюдать спокойствие и сообщать данные по номеру 102 или сотруднику МВД.",
    "sender": "+77751973163",
    "sentAt": "02.08.2025 13:03:58"
  },
  {
    "receiver": "+74996370000",
    "status": "✅ Відправлено",
    "message": "ВНИМАНИЕ!\r\n\nИз-за угрозы теракта на ТК «Садовод» введён красный уровень опасности. В ЮВАО действует план «перехват». Рекомендуем покинуть зону, соблюдать спокойствие и сообщать данные по номеру 102 или сотруднику МВД.",
    "sender": "+77751973163",
    "sentAt": "02.08.2025 13:03:59"
  },
  {
    "receiver": "+74996370022",
    "status": "✅ Відправлено",
    "message": "ВНИМАНИЕ!\r\n\nИз-за угрозы теракта на ТК «Садовод» введён красный уровень опасности. В ЮВАО действует план «перехват». Рекомендуем покинуть зону, соблюдать спокойствие и сообщать данные по номеру 102 или сотруднику МВД.",
    "sender": "+77751973163",
    "sentAt": "02.08.2025 13:03:59"
  },
  {
    "receiver": "+74996376099",
    "status": "✅ Відправлено",
    "message": "ВНИМАНИЕ!\r\n\nИз-за угрозы теракта на ТК «Садовод» введён красный уровень опасности. В ЮВАО действует план «перехват». Рекомендуем покинуть зону, соблюдать спокойствие и сообщать данные по номеру 102 или сотруднику МВД.",
    "sender": "+77751973163",
    "sentAt": "02.08.2025 13:03:59"
  },
  {
    "receiver": "+74996376200",
    "status": "✅ Відправлено",
    "message": "ВНИМАНИЕ!\r\n\nИз-за угрозы теракта на ТК «Садовод» введён красный уровень опасности. В ЮВАО действует план «перехват». Рекомендуем покинуть зону, соблюдать спокойствие и сообщать данные по номеру 102 или сотруднику МВД.",
    "sender": "+77751973163",
    "sentAt": "02.08.2025 13:04:00"
  },
  {
    "receiver": "+74996377000",
    "status": "✅ Відправлено",
    "message": "ВНИМАНИЕ!\r\n\nИз-за угрозы теракта на ТК «Садовод» введён красный уровень опасности. В ЮВАО действует план «перехват». Рекомендуем покинуть зону, соблюдать спокойствие и сообщать данные по номеру 102 или сотруднику МВД.",
    "sender": "+77751973163",
    "sentAt": "02.08.2025 13:04:00"
  },
  {
    "receiver": "+74996377272",
    "status": "✅ Відправлено",
    "message": "ВНИМАНИЕ!\r\n\nИз-за угрозы теракта на ТК «Садовод» введён красный уровень опасности. В ЮВАО действует план «перехват». Рекомендуем покинуть зону, соблюдать спокойствие и сообщать данные по номеру 102 или сотруднику МВД.",
    "sender": "+77751973163",
    "sentAt": "02.08.2025 13:04:00"
  },
  {
    "receiver": "+74996377700",
    "status": "✅ Відправлено",
    "message": "ВНИМАНИЕ!\r\n\nИз-за угрозы теракта на ТК «Садовод» введён красный уровень опасности. В ЮВАО действует план «перехват». Рекомендуем покинуть зону, соблюдать спокойствие и сообщать данные по номеру 102 или сотруднику МВД.",
    "sender": "+77751973163",
    "sentAt": "02.08.2025 13:04:01"
  },
  {
    "receiver": "+74996378000",
    "status": "✅ Відправлено",
    "message": "ВНИМАНИЕ!\r\n\nИз-за угрозы теракта на ТК «Садовод» введён красный уровень опасности. В ЮВАО действует план «перехват». Рекомендуем покинуть зону, соблюдать спокойствие и сообщать данные по номеру 102 или сотруднику МВД.",
    "sender": "+77751973163",
    "sentAt": "02.08.2025 13:04:01"
  },
  {
    "receiver": "+79154962374",
    "status": "✅ Відправлено",
    "message": "ВНИМАНИЕ!\r\n\nИз-за угрозы теракта на ТК «Садовод» введён красный уровень опасности. В ЮВАО действует план «перехват». Рекомендуем покинуть зону, соблюдать спокойствие и сообщать данные по номеру 102 или сотруднику МВД.",
    "sender": "+77751973163",
    "sentAt": "02.08.2025 13:04:01"
  },
  {
    "receiver": "+79160411824",
    "status": "✅ Відправлено",
    "message": "ВНИМАНИЕ!\r\n\nИз-за угрозы теракта на ТК «Садовод» введён красный уровень опасности. В ЮВАО действует план «перехват». Рекомендуем покинуть зону, соблюдать спокойствие и сообщать данные по номеру 102 или сотруднику МВД.",
    "sender": "+77751973163",
    "sentAt": "02.08.2025 13:04:02"
  },
  {
    "receiver": "+79160412232",
    "status": "✅ Відправлено",
    "message": "ВНИМАНИЕ!\r\n\nИз-за угрозы теракта на ТК «Садовод» введён красный уровень опасности. В ЮВАО действует план «перехват». Рекомендуем покинуть зону, соблюдать спокойствие и сообщать данные по номеру 102 или сотруднику МВД.",
    "sender": "+77751973163",
    "sentAt": "02.08.2025 13:04:02"
  },
  {
    "receiver": "+79189645550",
    "status": "✅ Відправлено",
    "message": "ВНИМАНИЕ!\r\n\nИз-за угрозы теракта на ТК «Садовод» введён красный уровень опасности. В ЮВАО действует план «перехват». Рекомендуем покинуть зону, соблюдать спокойствие и сообщать данные по номеру 102 или сотруднику МВД.",
    "sender": "+77751973163",
    "sentAt": "02.08.2025 13:04:02"
  },
  {
    "receiver": "+79250004643",
    "status": "✅ Відправлено",
    "message": "ВНИМАНИЕ!\r\n\nИз-за угрозы теракта на ТК «Садовод» введён красный уровень опасности. В ЮВАО действует план «перехват». Рекомендуем покинуть зону, соблюдать спокойствие и сообщать данные по номеру 102 или сотруднику МВД.",
    "sender": "+77751973163",
    "sentAt": "02.08.2025 13:04:03"
  },
  {
    "receiver": "+79250479776",
    "status": "✅ Відправлено",
    "message": "ВНИМАНИЕ!\r\n\nИз-за угрозы теракта на ТК «Садовод» введён красный уровень опасности. В ЮВАО действует план «перехват». Рекомендуем покинуть зону, соблюдать спокойствие и сообщать данные по номеру 102 или сотруднику МВД.",
    "sender": "+77751973163",
    "sentAt": "02.08.2025 13:04:03"
  },
  {
    "receiver": "+79252217670",
    "status": "✅ Відправлено",
    "message": "ВНИМАНИЕ!\r\n\nИз-за угрозы теракта на ТК «Садовод» введён красный уровень опасности. В ЮВАО действует план «перехват». Рекомендуем покинуть зону, соблюдать спокойствие и сообщать данные по номеру 102 или сотруднику МВД.",
    "sender": "+77751973163",
    "sentAt": "02.08.2025 13:04:04"
  },
  {
    "receiver": "+79253522221",
    "status": "✅ Відправлено",
    "message": "ВНИМАНИЕ!\r\n\nИз-за угрозы теракта на ТК «Садовод» введён красный уровень опасности. В ЮВАО действует план «перехват». Рекомендуем покинуть зону, соблюдать спокойствие и сообщать данные по номеру 102 или сотруднику МВД.",
    "sender": "+77751973163",
    "sentAt": "02.08.2025 13:04:04"
  },
  {
    "receiver": "+79254292242",
    "status": "✅ Відправлено",
    "message": "ВНИМАНИЕ!\r\n\nИз-за угрозы теракта на ТК «Садовод» введён красный уровень опасности. В ЮВАО действует план «перехват». Рекомендуем покинуть зону, соблюдать спокойствие и сообщать данные по номеру 102 или сотруднику МВД.",
    "sender": "+77751973163",
    "sentAt": "02.08.2025 13:04:04"
  },
  {
    "receiver": "+79254443954",
    "status": "✅ Відправлено",
    "message": "ВНИМАНИЕ!\r\n\nИз-за угрозы теракта на ТК «Садовод» введён красный уровень опасности. В ЮВАО действует план «перехват». Рекомендуем покинуть зону, соблюдать спокойствие и сообщать данные по номеру 102 или сотруднику МВД.",
    "sender": "+77751973163",
    "sentAt": "02.08.2025 13:04:05"
  },
  {
    "receiver": "+79256990888",
    "status": "✅ Відправлено",
    "message": "ВНИМАНИЕ!\r\n\nИз-за угрозы теракта на ТК «Садовод» введён красный уровень опасности. В ЮВАО действует план «перехват». Рекомендуем покинуть зону, соблюдать спокойствие и сообщать данные по номеру 102 или сотруднику МВД.",
    "sender": "+77751973163",
    "sentAt": "02.08.2025 13:04:05"
  },
  {
    "receiver": "+79262838047",
    "status": "✅ Відправлено",
    "message": "ВНИМАНИЕ!\r\n\nИз-за угрозы теракта на ТК «Садовод» введён красный уровень опасности. В ЮВАО действует план «перехват». Рекомендуем покинуть зону, соблюдать спокойствие и сообщать данные по номеру 102 или сотруднику МВД.",
    "sender": "+77751973163",
    "sentAt": "02.08.2025 13:04:05"
  },
  {
    "receiver": "+79636625005",
    "status": "✅ Відправлено",
    "message": "ВНИМАНИЕ!\r\n\nИз-за угрозы теракта на ТК «Садовод» введён красный уровень опасности. В ЮВАО действует план «перехват». Рекомендуем покинуть зону, соблюдать спокойствие и сообщать данные по номеру 102 или сотруднику МВД.",
    "sender": "+77751973163",
    "sentAt": "02.08.2025 13:04:06"
  },
  {
    "receiver": "+79680102938",
    "status": "✅ Відправлено",
    "message": "ВНИМАНИЕ!\r\n\nИз-за угрозы теракта на ТК «Садовод» введён красный уровень опасности. В ЮВАО действует план «перехват». Рекомендуем покинуть зону, соблюдать спокойствие и сообщать данные по номеру 102 или сотруднику МВД.",
    "sender": "+77751973163",
    "sentAt": "02.08.2025 13:04:06"
  },
  {
    "receiver": "+79685369363",
    "status": "✅ Відправлено",
    "message": "ВНИМАНИЕ!\r\n\nИз-за угрозы теракта на ТК «Садовод» введён красный уровень опасности. В ЮВАО действует план «перехват». Рекомендуем покинуть зону, соблюдать спокойствие и сообщать данные по номеру 102 или сотруднику МВД.",
    "sender": "+77751973163",
    "sentAt": "02.08.2025 13:04:06"
  },
  {
    "receiver": "+79997503131",
    "status": "✅ Відправлено",
    "message": "ВНИМАНИЕ!\r\n\nИз-за угрозы теракта на ТК «Садовод» введён красный уровень опасности. В ЮВАО действует план «перехват». Рекомендуем покинуть зону, соблюдать спокойствие и сообщать данные по номеру 102 или сотруднику МВД.",
    "sender": "+77751973163",
    "sentAt": "02.08.2025 13:04:06"
  },
  {
    "receiver": "+74952211200",
    "status": "✅ Відправлено",
    "message": "ВНИМАНИЕ!\r\n\nИз-за угрозы теракта на ТК «Садовод» введён красный уровень опасности. В ЮВАО действует план «перехват». Рекомендуем покинуть зону, соблюдать спокойствие и сообщать данные по номеру 102 или сотруднику МВД.",
    "sender": "+77751973163",
    "sentAt": "02.08.2025 13:04:07"
  },
  {
    "receiver": "+74996370888",
    "status": "✅ Відправлено",
    "message": "ВНИМАНИЕ!\r\n\nИз-за угрозы теракта на ТК «Садовод» введён красный уровень опасности. В ЮВАО действует план «перехват». Рекомендуем покинуть зону, соблюдать спокойствие и сообщать данные по номеру 102 или сотруднику МВД.",
    "sender": "+77751973163",
    "sentAt": "02.08.2025 13:04:07"
  },
  {
    "receiver": "+79269093999",
    "status": "✅ Відправлено",
    "message": "ВНИМАНИЕ!\r\n\nИз-за угрозы теракта на ТК «Садовод» введён красный уровень опасности. В ЮВАО действует план «перехват». Рекомендуем покинуть зону, соблюдать спокойствие и сообщать данные по номеру 102 или сотруднику МВД.",
    "sender": "+77751973163",
    "sentAt": "02.08.2025 13:04:07"
  },
  {
    "receiver": "+79031302141",
    "status": "✅ Відправлено",
    "message": "ВНИМАНИЕ!\r\n\nИз-за угрозы теракта на ТК «Садовод» введён красный уровень опасности. В ЮВАО действует план «перехват». Рекомендуем покинуть зону, соблюдать спокойствие и сообщать данные по номеру 102 или сотруднику МВД.",
    "sender": "+77751973163",
    "sentAt": "02.08.2025 13:04:08"
  },
  {
    "receiver": "+79686626666",
    "status": "✅ Відправлено",
    "message": "ВНИМАНИЕ!\r\n\nИз-за угрозы теракта на ТК «Садовод» введён красный уровень опасности. В ЮВАО действует план «перехват». Рекомендуем покинуть зону, соблюдать спокойствие и сообщать данные по номеру 102 или сотруднику МВД.",
    "sender": "+77751973163",
    "sentAt": "02.08.2025 13:04:08"
  },
  {
    "receiver": "+79037551523",
    "status": "✅ Відправлено",
    "message": "ВНИМАНИЕ!\r\n\nИз-за угрозы теракта на ТК «Садовод» введён красный уровень опасности. В ЮВАО действует план «перехват». Рекомендуем покинуть зону, соблюдать спокойствие и сообщать данные по номеру 102 или сотруднику МВД.",
    "sender": "+77751973163",
    "sentAt": "02.08.2025 13:04:08"
  },
  {
    "receiver": "+79027611582",
    "status": "✅ Відправлено",
    "message": "ВНИМАНИЕ!\r\n\nИз-за угрозы теракта на ТК «Садовод» введён красный уровень опасности. В ЮВАО действует план «перехват». Рекомендуем покинуть зону, соблюдать спокойствие и сообщать данные по номеру 102 или сотруднику МВД.",
    "sender": "+77751973163",
    "sentAt": "02.08.2025 13:04:09"
  },
  {
    "receiver": "+79999643521",
    "status": "✅ Відправлено",
    "message": "ВНИМАНИЕ!\r\n\nИз-за угрозы теракта на ТК «Садовод» введён красный уровень опасности. В ЮВАО действует план «перехват». Рекомендуем покинуть зону, соблюдать спокойствие и сообщать данные по номеру 102 или сотруднику МВД.",
    "sender": "+77751973163",
    "sentAt": "02.08.2025 13:04:09"
  },
  {
    "receiver": "+375295697911",
    "status": "✅ Відправлено",
    "message": "ВНИМАНИЕ!\r\n\nИз-за угрозы теракта на ТК «Садовод» введён красный уровень опасности. В ЮВАО действует план «перехват». Рекомендуем покинуть зону, соблюдать спокойствие и сообщать данные по номеру 102 или сотруднику МВД.",
    "sender": "+77751973163",
    "sentAt": "02.08.2025 13:04:09"
  },
  {
    "receiver": "+79537683203",
    "status": "✅ Відправлено",
    "message": "ВНИМАНИЕ!\r\n\nИз-за угрозы теракта на ТК «Садовод» введён красный уровень опасности. В ЮВАО действует план «перехват». Рекомендуем покинуть зону, соблюдать спокойствие и сообщать данные по номеру 102 или сотруднику МВД.",
    "sender": "+77751973163",
    "sentAt": "02.08.2025 13:04:10"
  },
  {
    "receiver": "+79181851343",
    "status": "✅ Відправлено",
    "message": "ВНИМАНИЕ!\r\n\nИз-за угрозы теракта на ТК «Садовод» введён красный уровень опасности. В ЮВАО действует план «перехват». Рекомендуем покинуть зону, соблюдать спокойствие и сообщать данные по номеру 102 или сотруднику МВД.",
    "sender": "+77751973163",
    "sentAt": "02.08.2025 13:04:10"
  },
  {
    "receiver": "+79288973624",
    "status": "✅ Відправлено",
    "message": "ВНИМАНИЕ!\r\n\nИз-за угрозы теракта на ТК «Садовод» введён красный уровень опасности. В ЮВАО действует план «перехват». Рекомендуем покинуть зону, соблюдать спокойствие и сообщать данные по номеру 102 или сотруднику МВД.",
    "sender": "+77751973163",
    "sentAt": "02.08.2025 13:04:10"
  },
  {
    "receiver": "+79812768230",
    "status": "✅ Відправлено",
    "message": "ВНИМАНИЕ!\r\n\nИз-за угрозы теракта на ТК «Садовод» введён красный уровень опасности. В ЮВАО действует план «перехват». Рекомендуем покинуть зону, соблюдать спокойствие и сообщать данные по номеру 102 или сотруднику МВД.",
    "sender": "+77751973163",
    "sentAt": "02.08.2025 13:04:11"
  },
  {
    "receiver": "+79812768101",
    "status": "✅ Відправлено",
    "message": "ВНИМАНИЕ!\r\n\nИз-за угрозы теракта на ТК «Садовод» введён красный уровень опасности. В ЮВАО действует план «перехват». Рекомендуем покинуть зону, соблюдать спокойствие и сообщать данные по номеру 102 или сотруднику МВД.",
    "sender": "+77751973163",
    "sentAt": "02.08.2025 13:04:11"
  },
  {
    "receiver": "+79223747224",
    "status": "✅ Відправлено",
    "message": "ВНИМАНИЕ!\r\n\nИз-за угрозы теракта на ТК «Садовод» введён красный уровень опасности. В ЮВАО действует план «перехват». Рекомендуем покинуть зону, соблюдать спокойствие и сообщать данные по номеру 102 или сотруднику МВД.",
    "sender": "+77751973163",
    "sentAt": "02.08.2025 13:04:11"
  },
  {
    "receiver": "+79510569473",
    "status": "✅ Відправлено",
    "message": "ВНИМАНИЕ!\r\n\nИз-за угрозы теракта на ТК «Садовод» введён красный уровень опасности. В ЮВАО действует план «перехват». Рекомендуем покинуть зону, соблюдать спокойствие и сообщать данные по номеру 102 или сотруднику МВД.",
    "sender": "+77751973163",
    "sentAt": "02.08.2025 13:04:12"
  },
  {
    "receiver": "+79260430522",
    "status": "✅ Відправлено",
    "message": "ВНИМАНИЕ!\r\n\nИз-за угрозы теракта на ТК «Садовод» введён красный уровень опасности. В ЮВАО действует план «перехват». Рекомендуем покинуть зону, соблюдать спокойствие и сообщать данные по номеру 102 или сотруднику МВД.",
    "sender": "+77751973163",
    "sentAt": "02.08.2025 13:04:12"
  },
  {
    "receiver": "+79302956171",
    "status": "✅ Відправлено",
    "message": "ВНИМАНИЕ!\r\n\nИз-за угрозы теракта на ТК «Садовод» введён красный уровень опасности. В ЮВАО действует план «перехват». Рекомендуем покинуть зону, соблюдать спокойствие и сообщать данные по номеру 102 или сотруднику МВД.",
    "sender": "+77751973163",
    "sentAt": "02.08.2025 13:04:12"
  },
  {
    "receiver": "+79302428047",
    "status": "✅ Відправлено",
    "message": "ВНИМАНИЕ!\r\n\nИз-за угрозы теракта на ТК «Садовод» введён красный уровень опасности. В ЮВАО действует план «перехват». Рекомендуем покинуть зону, соблюдать спокойствие и сообщать данные по номеру 102 или сотруднику МВД.",
    "sender": "+77751973163",
    "sentAt": "02.08.2025 13:04:13"
  },
  {
    "receiver": "+79180240764",
    "status": "✅ Відправлено",
    "message": "ВНИМАНИЕ!\r\n\nИз-за угрозы теракта на ТК «Садовод» введён красный уровень опасности. В ЮВАО действует план «перехват». Рекомендуем покинуть зону, соблюдать спокойствие и сообщать данные по номеру 102 или сотруднику МВД.",
    "sender": "+77751973163",
    "sentAt": "02.08.2025 13:04:13"
  },
  {
    "receiver": "+8615691925008",
    "status": "✅ Відправлено",
    "message": "ВНИМАНИЕ!\r\n\nИз-за угрозы теракта на ТК «Садовод» введён красный уровень опасности. В ЮВАО действует план «перехват». Рекомендуем покинуть зону, соблюдать спокойствие и сообщать данные по номеру 102 или сотруднику МВД.",
    "sender": "+77751973163",
    "sentAt": "02.08.2025 13:04:13"
  },
  {
    "receiver": "+79645673654",
    "status": "✅ Відправлено",
    "message": "ВНИМАНИЕ!\r\n\nИз-за угрозы теракта на ТК «Садовод» введён красный уровень опасности. В ЮВАО действует план «перехват». Рекомендуем покинуть зону, соблюдать спокойствие и сообщать данные по номеру 102 или сотруднику МВД.",
    "sender": "+77751973163",
    "sentAt": "02.08.2025 13:04:14"
  },
  {
    "receiver": "+79267180720",
    "status": "✅ Відправлено",
    "message": "ВНИМАНИЕ!\r\n\nИз-за угрозы теракта на ТК «Садовод» введён красный уровень опасности. В ЮВАО действует план «перехват». Рекомендуем покинуть зону, соблюдать спокойствие и сообщать данные по номеру 102 или сотруднику МВД.",
    "sender": "+77751973163",
    "sentAt": "02.08.2025 13:04:14"
  },
  {
    "receiver": "+375296022047",
    "status": "✅ Відправлено",
    "message": "ВНИМАНИЕ!\r\n\nИз-за угрозы теракта на ТК «Садовод» введён красный уровень опасности. В ЮВАО действует план «перехват». Рекомендуем покинуть зону, соблюдать спокойствие и сообщать данные по номеру 102 или сотруднику МВД.",
    "sender": "+77751973163",
    "sentAt": "02.08.2025 13:04:14"
  },
  {
    "receiver": "+79124177079",
    "status": "✅ Відправлено",
    "message": "ВНИМАНИЕ!\r\n\nИз-за угрозы теракта на ТК «Садовод» введён красный уровень опасности. В ЮВАО действует план «перехват». Рекомендуем покинуть зону, соблюдать спокойствие и сообщать данные по номеру 102 или сотруднику МВД.",
    "sender": "+77751973163",
    "sentAt": "02.08.2025 13:04:15"
  },
  {
    "receiver": "+79019129696",
    "status": "✅ Відправлено",
    "message": "ВНИМАНИЕ!\r\n\nИз-за угрозы теракта на ТК «Садовод» введён красный уровень опасности. В ЮВАО действует план «перехват». Рекомендуем покинуть зону, соблюдать спокойствие и сообщать данные по номеру 102 или сотруднику МВД.",
    "sender": "+77751973163",
    "sentAt": "02.08.2025 13:04:15"
  },
  {
    "receiver": "+79255747000",
    "status": "✅ Відправлено",
    "message": "ВНИМАНИЕ!\r\n\nИз-за угрозы теракта на ТК «Садовод» введён красный уровень опасности. В ЮВАО действует план «перехват». Рекомендуем покинуть зону, соблюдать спокойствие и сообщать данные по номеру 102 или сотруднику МВД.",
    "sender": "+77751973163",
    "sentAt": "02.08.2025 13:04:15"
  },
  {
    "receiver": "+79879947073",
    "status": "✅ Відправлено",
    "message": "ВНИМАНИЕ!\r\n\nИз-за угрозы теракта на ТК «Садовод» введён красный уровень опасности. В ЮВАО действует план «перехват». Рекомендуем покинуть зону, соблюдать спокойствие и сообщать данные по номеру 102 или сотруднику МВД.",
    "sender": "+77751973163",
    "sentAt": "02.08.2025 13:04:16"
  },
  {
    "receiver": "+79013320076",
    "status": "✅ Відправлено",
    "message": "ВНИМАНИЕ!\r\n\nИз-за угрозы теракта на ТК «Садовод» введён красный уровень опасности. В ЮВАО действует план «перехват». Рекомендуем покинуть зону, соблюдать спокойствие и сообщать данные по номеру 102 или сотруднику МВД.",
    "sender": "+77751973163",
    "sentAt": "02.08.2025 13:04:16"
  },
  {
    "receiver": "+375447999468",
    "status": "✅ Відправлено",
    "message": "ВНИМАНИЕ!\r\n\nИз-за угрозы теракта на ТК «Садовод» введён красный уровень опасности. В ЮВАО действует план «перехват». Рекомендуем покинуть зону, соблюдать спокойствие и сообщать данные по номеру 102 или сотруднику МВД.",
    "sender": "+77751973163",
    "sentAt": "02.08.2025 13:04:16"
  },
  {
    "receiver": "+996995187222",
    "status": "✅ Відправлено",
    "message": "ВНИМАНИЕ!\r\n\nИз-за угрозы теракта на ТК «Садовод» введён красный уровень опасности. В ЮВАО действует план «перехват». Рекомендуем покинуть зону, соблюдать спокойствие и сообщать данные по номеру 102 или сотруднику МВД.",
    "sender": "+77751973163",
    "sentAt": "02.08.2025 13:04:17"
  },
  {
    "receiver": "+79100088869",
    "status": "✅ Відправлено",
    "message": "ВНИМАНИЕ!\r\n\nИз-за угрозы теракта на ТК «Садовод» введён красный уровень опасности. В ЮВАО действует план «перехват». Рекомендуем покинуть зону, соблюдать спокойствие и сообщать данные по номеру 102 или сотруднику МВД.",
    "sender": "+77751973163",
    "sentAt": "02.08.2025 13:04:17"
  },
  {
    "receiver": "+79991845828",
    "status": "✅ Відправлено",
    "message": "ВНИМАНИЕ!\r\n\nИз-за угрозы теракта на ТК «Садовод» введён красный уровень опасности. В ЮВАО действует план «перехват». Рекомендуем покинуть зону, соблюдать спокойствие и сообщать данные по номеру 102 или сотруднику МВД.",
    "sender": "+77751973163",
    "sentAt": "02.08.2025 13:04:17"
  },
  {
    "receiver": "+79828151505",
    "status": "✅ Відправлено",
    "message": "ВНИМАНИЕ!\r\n\nИз-за угрозы теракта на ТК «Садовод» введён красный уровень опасности. В ЮВАО действует план «перехват». Рекомендуем покинуть зону, соблюдать спокойствие и сообщать данные по номеру 102 или сотруднику МВД.",
    "sender": "+77751973163",
    "sentAt": "02.08.2025 13:04:18"
  },
  {
    "receiver": "+79602934979",
    "status": "✅ Відправлено",
    "message": "ВНИМАНИЕ!\r\n\nИз-за угрозы теракта на ТК «Садовод» введён красный уровень опасности. В ЮВАО действует план «перехват». Рекомендуем покинуть зону, соблюдать спокойствие и сообщать данные по номеру 102 или сотруднику МВД.",
    "sender": "+77751973163",
    "sentAt": "02.08.2025 13:04:18"
  },
  {
    "receiver": "+79269462626",
    "status": "✅ Відправлено",
    "message": "ВНИМАНИЕ!\r\n\nИз-за угрозы теракта на ТК «Садовод» введён красный уровень опасности. В ЮВАО действует план «перехват». Рекомендуем покинуть зону, соблюдать спокойствие и сообщать данные по номеру 102 или сотруднику МВД.",
    "sender": "+77751973163",
    "sentAt": "02.08.2025 13:04:18"
  },
  {
    "receiver": "+79919891230",
    "status": "✅ Відправлено",
    "message": "ВНИМАНИЕ!\r\n\nИз-за угрозы теракта на ТК «Садовод» введён красный уровень опасности. В ЮВАО действует план «перехват». Рекомендуем покинуть зону, соблюдать спокойствие и сообщать данные по номеру 102 или сотруднику МВД.",
    "sender": "+77751973163",
    "sentAt": "02.08.2025 13:04:19"
  },
  {
    "receiver": "+79689111522",
    "status": "✅ Відправлено",
    "message": "ВНИМАНИЕ!\r\n\nИз-за угрозы теракта на ТК «Садовод» введён красный уровень опасности. В ЮВАО действует план «перехват». Рекомендуем покинуть зону, соблюдать спокойствие и сообщать данные по номеру 102 или сотруднику МВД.",
    "sender": "+77751973163",
    "sentAt": "02.08.2025 13:04:19"
  },
  {
    "receiver": "+375298423599",
    "status": "✅ Відправлено",
    "message": "ВНИМАНИЕ!\r\n\nИз-за угрозы теракта на ТК «Садовод» введён красный уровень опасности. В ЮВАО действует план «перехват». Рекомендуем покинуть зону, соблюдать спокойствие и сообщать данные по номеру 102 или сотруднику МВД.",
    "sender": "+77751973163",
    "sentAt": "02.08.2025 13:04:19"
  },
  {
    "receiver": "+375297072317",
    "status": "✅ Відправлено",
    "message": "ВНИМАНИЕ!\r\n\nИз-за угрозы теракта на ТК «Садовод» введён красный уровень опасности. В ЮВАО действует план «перехват». Рекомендуем покинуть зону, соблюдать спокойствие и сообщать данные по номеру 102 или сотруднику МВД.",
    "sender": "+77751973163",
    "sentAt": "02.08.2025 13:04:20"
  },
  {
    "receiver": "+79162132424",
    "status": "✅ Відправлено",
    "message": "ВНИМАНИЕ!\r\n\nИз-за угрозы теракта на ТК «Садовод» введён красный уровень опасности. В ЮВАО действует план «перехват». Рекомендуем покинуть зону, соблюдать спокойствие и сообщать данные по номеру 102 или сотруднику МВД.",
    "sender": "+77751973163",
    "sentAt": "02.08.2025 13:04:20"
  },
  {
    "receiver": "+79998414196",
    "status": "✅ Відправлено",
    "message": "ВНИМАНИЕ!\r\n\nИз-за угрозы теракта на ТК «Садовод» введён красный уровень опасности. В ЮВАО действует план «перехват». Рекомендуем покинуть зону, соблюдать спокойствие и сообщать данные по номеру 102 или сотруднику МВД.",
    "sender": "+77751973163",
    "sentAt": "02.08.2025 13:04:20"
  },
  {
    "receiver": "+79297957002",
    "status": "✅ Відправлено",
    "message": "ВНИМАНИЕ!\r\n\nИз-за угрозы теракта на ТК «Садовод» введён красный уровень опасности. В ЮВАО действует план «перехват». Рекомендуем покинуть зону, соблюдать спокойствие и сообщать данные по номеру 102 или сотруднику МВД.",
    "sender": "+77751973163",
    "sentAt": "02.08.2025 13:04:21"
  },
  {
    "receiver": "+79969539042",
    "status": "✅ Відправлено",
    "message": "ВНИМАНИЕ!\r\n\nИз-за угрозы теракта на ТК «Садовод» введён красный уровень опасности. В ЮВАО действует план «перехват». Рекомендуем покинуть зону, соблюдать спокойствие и сообщать данные по номеру 102 или сотруднику МВД.",
    "sender": "+77751973163",
    "sentAt": "02.08.2025 13:04:21"
  },
  {
    "receiver": "+79105256961",
    "status": "✅ Відправлено",
    "message": "ВНИМАНИЕ!\r\n\nИз-за угрозы теракта на ТК «Садовод» введён красный уровень опасности. В ЮВАО действует план «перехват». Рекомендуем покинуть зону, соблюдать спокойствие и сообщать данные по номеру 102 или сотруднику МВД.",
    "sender": "+77751973163",
    "sentAt": "02.08.2025 13:04:21"
  },
  {
    "receiver": "+375445438005",
    "status": "✅ Відправлено",
    "message": "ВНИМАНИЕ!\r\n\nИз-за угрозы теракта на ТК «Садовод» введён красный уровень опасности. В ЮВАО действует план «перехват». Рекомендуем покинуть зону, соблюдать спокойствие и сообщать данные по номеру 102 или сотруднику МВД.",
    "sender": "+77751973163",
    "sentAt": "02.08.2025 13:04:22"
  },
  {
    "receiver": "+79687016565",
    "status": "✅ Відправлено",
    "message": "ВНИМАНИЕ!\r\n\nИз-за угрозы теракта на ТК «Садовод» введён красный уровень опасности. В ЮВАО действует план «перехват». Рекомендуем покинуть зону, соблюдать спокойствие и сообщать данные по номеру 102 или сотруднику МВД.",
    "sender": "+77751973163",
    "sentAt": "02.08.2025 13:04:22"
  },
  {
    "receiver": "+79855733456",
    "status": "✅ Відправлено",
    "message": "ВНИМАНИЕ!\r\n\nИз-за угрозы теракта на ТК «Садовод» введён красный уровень опасности. В ЮВАО действует план «перехват». Рекомендуем покинуть зону, соблюдать спокойствие и сообщать данные по номеру 102 или сотруднику МВД.",
    "sender": "+77751973163",
    "sentAt": "02.08.2025 13:04:22"
  },
  {
    "receiver": "+79888277616",
    "status": "✅ Відправлено",
    "message": "ВНИМАНИЕ!\r\n\nИз-за угрозы теракта на ТК «Садовод» введён красный уровень опасности. В ЮВАО действует план «перехват». Рекомендуем покинуть зону, соблюдать спокойствие и сообщать данные по номеру 102 или сотруднику МВД.",
    "sender": "+77751973163",
    "sentAt": "02.08.2025 13:04:23"
  },
  {
    "receiver": "+375296915032",
    "status": "✅ Відправлено",
    "message": "ВНИМАНИЕ!\r\n\nИз-за угрозы теракта на ТК «Садовод» введён красный уровень опасности. В ЮВАО действует план «перехват». Рекомендуем покинуть зону, соблюдать спокойствие и сообщать данные по номеру 102 или сотруднику МВД.",
    "sender": "+77751973163",
    "sentAt": "02.08.2025 13:04:23"
  },
  {
    "receiver": "+79315763711",
    "status": "✅ Відправлено",
    "message": "ВНИМАНИЕ!\r\n\nИз-за угрозы теракта на ТК «Садовод» введён красный уровень опасности. В ЮВАО действует план «перехват». Рекомендуем покинуть зону, соблюдать спокойствие и сообщать данные по номеру 102 или сотруднику МВД.",
    "sender": "+77751973163",
    "sentAt": "02.08.2025 13:04:23"
  },
  {
    "receiver": "+375259226320",
    "status": "✅ Відправлено",
    "message": "ВНИМАНИЕ!\r\n\nИз-за угрозы теракта на ТК «Садовод» введён красный уровень опасности. В ЮВАО действует план «перехват». Рекомендуем покинуть зону, соблюдать спокойствие и сообщать данные по номеру 102 или сотруднику МВД.",
    "sender": "+77751973163",
    "sentAt": "02.08.2025 13:04:24"
  },
  {
    "receiver": "+375333894176",
    "status": "✅ Відправлено",
    "message": "ВНИМАНИЕ!\r\n\nИз-за угрозы теракта на ТК «Садовод» введён красный уровень опасности. В ЮВАО действует план «перехват». Рекомендуем покинуть зону, соблюдать спокойствие и сообщать данные по номеру 102 или сотруднику МВД.",
    "sender": "+77751973163",
    "sentAt": "02.08.2025 13:04:24"
  },
  {
    "receiver": "+79932966144",
    "status": "✅ Відправлено",
    "message": "ВНИМАНИЕ!\r\n\nИз-за угрозы теракта на ТК «Садовод» введён красный уровень опасности. В ЮВАО действует план «перехват». Рекомендуем покинуть зону, соблюдать спокойствие и сообщать данные по номеру 102 или сотруднику МВД.",
    "sender": "+77751973163",
    "sentAt": "02.08.2025 13:04:24"
  },
  {
    "receiver": "+375293568271",
    "status": "✅ Відправлено",
    "message": "ВНИМАНИЕ!\r\n\nИз-за угрозы теракта на ТК «Садовод» введён красный уровень опасности. В ЮВАО действует план «перехват». Рекомендуем покинуть зону, соблюдать спокойствие и сообщать данные по номеру 102 или сотруднику МВД.",
    "sender": "+77751973163",
    "sentAt": "02.08.2025 13:04:25"
  },
  {
    "receiver": "+375445326746",
    "status": "✅ Відправлено",
    "message": "ВНИМАНИЕ!\r\n\nИз-за угрозы теракта на ТК «Садовод» введён красный уровень опасности. В ЮВАО действует план «перехват». Рекомендуем покинуть зону, соблюдать спокойствие и сообщать данные по номеру 102 или сотруднику МВД.",
    "sender": "+77751973163",
    "sentAt": "02.08.2025 13:04:25"
  },
  {
    "receiver": "+79999840300",
    "status": "✅ Відправлено",
    "message": "ВНИМАНИЕ!\r\n\nИз-за угрозы теракта на ТК «Садовод» введён красный уровень опасности. В ЮВАО действует план «перехват». Рекомендуем покинуть зону, соблюдать спокойствие и сообщать данные по номеру 102 или сотруднику МВД.",
    "sender": "+77751973163",
    "sentAt": "02.08.2025 13:04:25"
  },
  {
    "receiver": "+79174621711",
    "status": "✅ Відправлено",
    "message": "ВНИМАНИЕ!\r\n\nИз-за угрозы теракта на ТК «Садовод» введён красный уровень опасности. В ЮВАО действует план «перехват». Рекомендуем покинуть зону, соблюдать спокойствие и сообщать данные по номеру 102 или сотруднику МВД.",
    "sender": "+77751973163",
    "sentAt": "02.08.2025 13:04:26"
  },
  {
    "receiver": "+79939195873",
    "status": "✅ Відправлено",
    "message": "ВНИМАНИЕ!\r\n\nИз-за угрозы теракта на ТК «Садовод» введён красный уровень опасности. В ЮВАО действует план «перехват». Рекомендуем покинуть зону, соблюдать спокойствие и сообщать данные по номеру 102 или сотруднику МВД.",
    "sender": "+77751973163",
    "sentAt": "02.08.2025 13:04:26"
  },
  {
    "receiver": "+79997151904",
    "status": "✅ Відправлено",
    "message": "ВНИМАНИЕ!\r\n\nИз-за угрозы теракта на ТК «Садовод» введён красный уровень опасности. В ЮВАО действует план «перехват». Рекомендуем покинуть зону, соблюдать спокойствие и сообщать данные по номеру 102 или сотруднику МВД.",
    "sender": "+77751973163",
    "sentAt": "02.08.2025 13:04:26"
  },
  {
    "receiver": "+79299014272",
    "status": "✅ Відправлено",
    "message": "ВНИМАНИЕ!\r\n\nИз-за угрозы теракта на ТК «Садовод» введён красный уровень опасности. В ЮВАО действует план «перехват». Рекомендуем покинуть зону, соблюдать спокойствие и сообщать данные по номеру 102 или сотруднику МВД.",
    "sender": "+77751973163",
    "sentAt": "02.08.2025 13:04:27"
  },
  {
    "receiver": "+79875767529",
    "status": "✅ Відправлено",
    "message": "ВНИМАНИЕ!\r\n\nИз-за угрозы теракта на ТК «Садовод» введён красный уровень опасности. В ЮВАО действует план «перехват». Рекомендуем покинуть зону, соблюдать спокойствие и сообщать данные по номеру 102 или сотруднику МВД.",
    "sender": "+77751973163",
    "sentAt": "02.08.2025 13:04:27"
  },
  {
    "receiver": "+375445944437",
    "status": "✅ Відправлено",
    "message": "ВНИМАНИЕ!\r\n\nИз-за угрозы теракта на ТК «Садовод» введён красный уровень опасности. В ЮВАО действует план «перехват». Рекомендуем покинуть зону, соблюдать спокойствие и сообщать данные по номеру 102 или сотруднику МВД.",
    "sender": "+77751973163",
    "sentAt": "02.08.2025 13:04:27"
  },
  {
    "receiver": "+79222255566",
    "status": "✅ Відправлено",
    "message": "ВНИМАНИЕ!\r\n\nИз-за угрозы теракта на ТК «Садовод» введён красный уровень опасности. В ЮВАО действует план «перехват». Рекомендуем покинуть зону, соблюдать спокойствие и сообщать данные по номеру 102 или сотруднику МВД.",
    "sender": "+77751973163",
    "sentAt": "02.08.2025 13:04:28"
  },
  {
    "receiver": "+79819467126",
    "status": "✅ Відправлено",
    "message": "ВНИМАНИЕ!\r\n\nИз-за угрозы теракта на ТК «Садовод» введён красный уровень опасности. В ЮВАО действует план «перехват». Рекомендуем покинуть зону, соблюдать спокойствие и сообщать данные по номеру 102 или сотруднику МВД.",
    "sender": "+77751973163",
    "sentAt": "02.08.2025 13:04:28"
  },
  {
    "receiver": "+79265906892",
    "status": "✅ Відправлено",
    "message": "ВНИМАНИЕ!\r\n\nИз-за угрозы теракта на ТК «Садовод» введён красный уровень опасности. В ЮВАО действует план «перехват». Рекомендуем покинуть зону, соблюдать спокойствие и сообщать данные по номеру 102 или сотруднику МВД.",
    "sender": "+77751973163",
    "sentAt": "02.08.2025 13:04:28"
  },
  {
    "receiver": "+79955034524",
    "status": "✅ Відправлено",
    "message": "ВНИМАНИЕ!\r\n\nИз-за угрозы теракта на ТК «Садовод» введён красный уровень опасности. В ЮВАО действует план «перехват». Рекомендуем покинуть зону, соблюдать спокойствие и сообщать данные по номеру 102 или сотруднику МВД.",
    "sender": "+77751973163",
    "sentAt": "02.08.2025 13:04:29"
  },
  {
    "receiver": "+79141577424",
    "status": "✅ Відправлено",
    "message": "ВНИМАНИЕ!\r\n\nИз-за угрозы теракта на ТК «Садовод» введён красный уровень опасности. В ЮВАО действует план «перехват». Рекомендуем покинуть зону, соблюдать спокойствие и сообщать данные по номеру 102 или сотруднику МВД.",
    "sender": "+77751973163",
    "sentAt": "02.08.2025 13:04:29"
  },
  {
    "receiver": "+79202063776",
    "status": "✅ Відправлено",
    "message": "ВНИМАНИЕ!\r\n\nИз-за угрозы теракта на ТК «Садовод» введён красный уровень опасности. В ЮВАО действует план «перехват». Рекомендуем покинуть зону, соблюдать спокойствие и сообщать данные по номеру 102 или сотруднику МВД.",
    "sender": "+77751973163",
    "sentAt": "02.08.2025 13:04:29"
  },
  {
    "receiver": "+79614970125",
    "status": "✅ Відправлено",
    "message": "ВНИМАНИЕ!\r\n\nИз-за угрозы теракта на ТК «Садовод» введён красный уровень опасности. В ЮВАО действует план «перехват». Рекомендуем покинуть зону, соблюдать спокойствие и сообщать данные по номеру 102 или сотруднику МВД.",
    "sender": "+77751973163",
    "sentAt": "02.08.2025 13:04:30"
  },
  {
    "receiver": "+79164290160",
    "status": "✅ Відправлено",
    "message": "ВНИМАНИЕ!\r\n\nИз-за угрозы теракта на ТК «Садовод» введён красный уровень опасности. В ЮВАО действует план «перехват». Рекомендуем покинуть зону, соблюдать спокойствие и сообщать данные по номеру 102 или сотруднику МВД.",
    "sender": "+77751973163",
    "sentAt": "02.08.2025 13:04:30"
  },
  {
    "receiver": "+79250309696",
    "status": "✅ Відправлено",
    "message": "ВНИМАНИЕ!\r\n\nИз-за угрозы теракта на ТК «Садовод» введён красный уровень опасности. В ЮВАО действует план «перехват». Рекомендуем покинуть зону, соблюдать спокойствие и сообщать данные по номеру 102 или сотруднику МВД.",
    "sender": "+77751973163",
    "sentAt": "02.08.2025 13:04:30"
  },
  {
    "receiver": "+79025132724",
    "status": "✅ Відправлено",
    "message": "ВНИМАНИЕ!\r\n\nИз-за угрозы теракта на ТК «Садовод» введён красный уровень опасности. В ЮВАО действует план «перехват». Рекомендуем покинуть зону, соблюдать спокойствие и сообщать данные по номеру 102 или сотруднику МВД.",
    "sender": "+77751973163",
    "sentAt": "02.08.2025 13:04:31"
  },
  {
    "receiver": "+79613116127",
    "status": "✅ Відправлено",
    "message": "ВНИМАНИЕ!\r\n\nИз-за угрозы теракта на ТК «Садовод» введён красный уровень опасности. В ЮВАО действует план «перехват». Рекомендуем покинуть зону, соблюдать спокойствие и сообщать данные по номеру 102 или сотруднику МВД.",
    "sender": "+77751973163",
    "sentAt": "02.08.2025 13:04:31"
  },
  {
    "receiver": "+79606585444",
    "status": "✅ Відправлено",
    "message": "ВНИМАНИЕ!\r\n\nИз-за угрозы теракта на ТК «Садовод» введён красный уровень опасности. В ЮВАО действует план «перехват». Рекомендуем покинуть зону, соблюдать спокойствие и сообщать данные по номеру 102 или сотруднику МВД.",
    "sender": "+77751973163",
    "sentAt": "02.08.2025 13:04:31"
  },
  {
    "receiver": "+79222887999",
    "status": "✅ Відправлено",
    "message": "ВНИМАНИЕ!\r\n\nИз-за угрозы теракта на ТК «Садовод» введён красный уровень опасности. В ЮВАО действует план «перехват». Рекомендуем покинуть зону, соблюдать спокойствие и сообщать данные по номеру 102 или сотруднику МВД.",
    "sender": "+77751973163",
    "sentAt": "02.08.2025 13:04:32"
  },
  {
    "receiver": "+79387776295",
    "status": "✅ Відправлено",
    "message": "ВНИМАНИЕ!\r\n\nИз-за угрозы теракта на ТК «Садовод» введён красный уровень опасности. В ЮВАО действует план «перехват». Рекомендуем покинуть зону, соблюдать спокойствие и сообщать данные по номеру 102 или сотруднику МВД.",
    "sender": "+77751973163",
    "sentAt": "02.08.2025 13:04:32"
  },
  {
    "receiver": "+79035627895",
    "status": "✅ Відправлено",
    "message": "ВНИМАНИЕ!\r\n\nИз-за угрозы теракта на ТК «Садовод» введён красный уровень опасности. В ЮВАО действует план «перехват». Рекомендуем покинуть зону, соблюдать спокойствие и сообщать данные по номеру 102 или сотруднику МВД.",
    "sender": "+77751973163",
    "sentAt": "02.08.2025 13:04:32"
  },
  {
    "receiver": "+79617233098",
    "status": "✅ Відправлено",
    "message": "ВНИМАНИЕ!\r\n\nИз-за угрозы теракта на ТК «Садовод» введён красный уровень опасности. В ЮВАО действует план «перехват». Рекомендуем покинуть зону, соблюдать спокойствие и сообщать данные по номеру 102 или сотруднику МВД.",
    "sender": "+77751973163",
    "sentAt": "02.08.2025 13:04:33"
  },
  {
    "receiver": "+79202922952",
    "status": "✅ Відправлено",
    "message": "ВНИМАНИЕ!\r\n\nИз-за угрозы теракта на ТК «Садовод» введён красный уровень опасности. В ЮВАО действует план «перехват». Рекомендуем покинуть зону, соблюдать спокойствие и сообщать данные по номеру 102 или сотруднику МВД.",
    "sender": "+77751973163",
    "sentAt": "02.08.2025 13:04:33"
  },
  {
    "receiver": "+79284277507",
    "status": "✅ Відправлено",
    "message": "ВНИМАНИЕ!\r\n\nИз-за угрозы теракта на ТК «Садовод» введён красный уровень опасности. В ЮВАО действует план «перехват». Рекомендуем покинуть зону, соблюдать спокойствие и сообщать данные по номеру 102 или сотруднику МВД.",
    "sender": "+77751973163",
    "sentAt": "02.08.2025 13:04:33"
  },
  {
    "receiver": "+79374003050",
    "status": "✅ Відправлено",
    "message": "ВНИМАНИЕ!\r\n\nИз-за угрозы теракта на ТК «Садовод» введён красный уровень опасности. В ЮВАО действует план «перехват». Рекомендуем покинуть зону, соблюдать спокойствие и сообщать данные по номеру 102 или сотруднику МВД.",
    "sender": "+77751973163",
    "sentAt": "02.08.2025 13:04:34"
  },
  {
    "receiver": "+79083200888",
    "status": "✅ Відправлено",
    "message": "ВНИМАНИЕ!\r\n\nИз-за угрозы теракта на ТК «Садовод» введён красный уровень опасности. В ЮВАО действует план «перехват». Рекомендуем покинуть зону, соблюдать спокойствие и сообщать данные по номеру 102 или сотруднику МВД.",
    "sender": "+77751973163",
    "sentAt": "02.08.2025 13:04:34"
  },
  {
    "receiver": "+79374223555",
    "status": "✅ Відправлено",
    "message": "ВНИМАНИЕ!\r\n\nИз-за угрозы теракта на ТК «Садовод» введён красный уровень опасности. В ЮВАО действует план «перехват». Рекомендуем покинуть зону, соблюдать спокойствие и сообщать данные по номеру 102 или сотруднику МВД.",
    "sender": "+77751973163",
    "sentAt": "02.08.2025 13:04:34"
  },
  {
    "receiver": "+79626424540",
    "status": "✅ Відправлено",
    "message": "ВНИМАНИЕ!\r\n\nИз-за угрозы теракта на ТК «Садовод» введён красный уровень опасности. В ЮВАО действует план «перехват». Рекомендуем покинуть зону, соблюдать спокойствие и сообщать данные по номеру 102 или сотруднику МВД.",
    "sender": "+77751973163",
    "sentAt": "02.08.2025 13:04:35"
  },
  {
    "receiver": "+79201117023",
    "status": "✅ Відправлено",
    "message": "ВНИМАНИЕ!\r\n\nИз-за угрозы теракта на ТК «Садовод» введён красный уровень опасности. В ЮВАО действует план «перехват». Рекомендуем покинуть зону, соблюдать спокойствие и сообщать данные по номеру 102 или сотруднику МВД.",
    "sender": "+77751973163",
    "sentAt": "02.08.2025 13:04:35"
  },
  {
    "receiver": "+821065168024",
    "status": "✅ Відправлено",
    "message": "ВНИМАНИЕ!\r\n\nИз-за угрозы теракта на ТК «Садовод» введён красный уровень опасности. В ЮВАО действует план «перехват». Рекомендуем покинуть зону, соблюдать спокойствие и сообщать данные по номеру 102 или сотруднику МВД.",
    "sender": "+77751973163",
    "sentAt": "02.08.2025 13:04:35"
  },
  {
    "receiver": "+79896531460",
    "status": "✅ Відправлено",
    "message": "ВНИМАНИЕ!\r\n\nИз-за угрозы теракта на ТК «Садовод» введён красный уровень опасности. В ЮВАО действует план «перехват». Рекомендуем покинуть зону, соблюдать спокойствие и сообщать данные по номеру 102 или сотруднику МВД.",
    "sender": "+77751973163",
    "sentAt": "02.08.2025 13:04:36"
  },
  {
    "receiver": "+79645072860",
    "status": "✅ Відправлено",
    "message": "ВНИМАНИЕ!\r\n\nИз-за угрозы теракта на ТК «Садовод» введён красный уровень опасности. В ЮВАО действует план «перехват». Рекомендуем покинуть зону, соблюдать спокойствие и сообщать данные по номеру 102 или сотруднику МВД.",
    "sender": "+77751973163",
    "sentAt": "02.08.2025 13:04:36"
  },
  {
    "receiver": "+77072182838",
    "status": "✅ Відправлено",
    "message": "ВНИМАНИЕ!\r\n\nИз-за угрозы теракта на ТК «Садовод» введён красный уровень опасности. В ЮВАО действует план «перехват». Рекомендуем покинуть зону, соблюдать спокойствие и сообщать данные по номеру 102 или сотруднику МВД.",
    "sender": "+77751973163",
    "sentAt": "02.08.2025 13:04:36"
  },
  {
    "receiver": "+79774943552",
    "status": "✅ Відправлено",
    "message": "ВНИМАНИЕ!\r\n\nИз-за угрозы теракта на ТК «Садовод» введён красный уровень опасности. В ЮВАО действует план «перехват». Рекомендуем покинуть зону, соблюдать спокойствие и сообщать данные по номеру 102 или сотруднику МВД.",
    "sender": "+77751973163",
    "sentAt": "02.08.2025 13:04:37"
  },
  {
    "receiver": "+79503347665",
    "status": "✅ Відправлено",
    "message": "ВНИМАНИЕ!\r\n\nИз-за угрозы теракта на ТК «Садовод» введён красный уровень опасности. В ЮВАО действует план «перехват». Рекомендуем покинуть зону, соблюдать спокойствие и сообщать данные по номеру 102 или сотруднику МВД.",
    "sender": "+77751973163",
    "sentAt": "02.08.2025 13:04:37"
  },
  {
    "receiver": "+79534433688",
    "status": "✅ Відправлено",
    "message": "ВНИМАНИЕ!\r\n\nИз-за угрозы теракта на ТК «Садовод» введён красный уровень опасности. В ЮВАО действует план «перехват». Рекомендуем покинуть зону, соблюдать спокойствие и сообщать данные по номеру 102 или сотруднику МВД.",
    "sender": "+77751973163",
    "sentAt": "02.08.2025 13:04:37"
  },
  {
    "receiver": "+79778350748",
    "status": "✅ Відправлено",
    "message": "ВНИМАНИЕ!\r\n\nИз-за угрозы теракта на ТК «Садовод» введён красный уровень опасности. В ЮВАО действует план «перехват». Рекомендуем покинуть зону, соблюдать спокойствие и сообщать данные по номеру 102 или сотруднику МВД.",
    "sender": "+77751973163",
    "sentAt": "02.08.2025 13:04:38"
  },
  {
    "receiver": "+79296899521",
    "status": "✅ Відправлено",
    "message": "ВНИМАНИЕ!\r\n\nИз-за угрозы теракта на ТК «Садовод» введён красный уровень опасности. В ЮВАО действует план «перехват». Рекомендуем покинуть зону, соблюдать спокойствие и сообщать данные по номеру 102 или сотруднику МВД.",
    "sender": "+77751973163",
    "sentAt": "02.08.2025 13:04:38"
  },
  {
    "receiver": "+79269992040",
    "status": "✅ Відправлено",
    "message": "ВНИМАНИЕ!\r\n\nИз-за угрозы теракта на ТК «Садовод» введён красный уровень опасности. В ЮВАО действует план «перехват». Рекомендуем покинуть зону, соблюдать спокойствие и сообщать данные по номеру 102 или сотруднику МВД.",
    "sender": "+77751973163",
    "sentAt": "02.08.2025 13:04:38"
  },
  {
    "receiver": "+79892662359",
    "status": "✅ Відправлено",
    "message": "ВНИМАНИЕ!\r\n\nИз-за угрозы теракта на ТК «Садовод» введён красный уровень опасности. В ЮВАО действует план «перехват». Рекомендуем покинуть зону, соблюдать спокойствие и сообщать данные по номеру 102 или сотруднику МВД.",
    "sender": "+77751973163",
    "sentAt": "02.08.2025 13:04:39"
  },
  {
    "receiver": "+79526411140",
    "status": "✅ Відправлено",
    "message": "ВНИМАНИЕ!\r\n\nИз-за угрозы теракта на ТК «Садовод» введён красный уровень опасности. В ЮВАО действует план «перехват». Рекомендуем покинуть зону, соблюдать спокойствие и сообщать данные по номеру 102 или сотруднику МВД.",
    "sender": "+77751973163",
    "sentAt": "02.08.2025 13:04:39"
  },
  {
    "receiver": "+79777621756",
    "status": "✅ Відправлено",
    "message": "ВНИМАНИЕ!\r\n\nИз-за угрозы теракта на ТК «Садовод» введён красный уровень опасности. В ЮВАО действует план «перехват». Рекомендуем покинуть зону, соблюдать спокойствие и сообщать данные по номеру 102 или сотруднику МВД.",
    "sender": "+77751973163",
    "sentAt": "02.08.2025 13:04:39"
  },
  {
    "receiver": "+79530834312",
    "status": "✅ Відправлено",
    "message": "ВНИМАНИЕ!\r\n\nИз-за угрозы теракта на ТК «Садовод» введён красный уровень опасности. В ЮВАО действует план «перехват». Рекомендуем покинуть зону, соблюдать спокойствие и сообщать данные по номеру 102 или сотруднику МВД.",
    "sender": "+77751973163",
    "sentAt": "02.08.2025 13:04:40"
  },
  {
    "receiver": "+79299284188",
    "status": "✅ Відправлено",
    "message": "ВНИМАНИЕ!\r\n\nИз-за угрозы теракта на ТК «Садовод» введён красный уровень опасности. В ЮВАО действует план «перехват». Рекомендуем покинуть зону, соблюдать спокойствие и сообщать данные по номеру 102 или сотруднику МВД.",
    "sender": "+77751973163",
    "sentAt": "02.08.2025 13:04:40"
  },
  {
    "receiver": "+79654886811",
    "status": "✅ Відправлено",
    "message": "ВНИМАНИЕ!\r\n\nИз-за угрозы теракта на ТК «Садовод» введён красный уровень опасности. В ЮВАО действует план «перехват». Рекомендуем покинуть зону, соблюдать спокойствие и сообщать данные по номеру 102 или сотруднику МВД.",
    "sender": "+77751973163",
    "sentAt": "02.08.2025 13:04:40"
  }
]