[
  {
    "receiver": "+79775177109",
    "status": "✅ Відправлено",
    "message": "Действия и провокационные видео усугубляют ваше положение. Любая активность  «Русской общины» может быть запрещена. Попытки «взять общество в руки» будут жёстко пресекаться. Ваша статья - 282.2 УК РФ (12 лет).",
    "sender": "+77755578418",
    "sentAt": "06.08.2025 15:33:54"
  },
  {
    "receiver": "+79661201202",
    "status": "✅ Відправлено",
    "message": "Действия и провокационные видео усугубляют ваше положение. Любая активность  «Русской общины» может быть запрещена. Попытки «взять общество в руки» будут жёстко пресекаться. Ваша статья - 282.2 УК РФ (12 лет).",
    "sender": "+77755578418",
    "sentAt": "06.08.2025 15:33:54"
  },
  {
    "receiver": "+79121172171",
    "status": "✅ Відправлено",
    "message": "Действия и провокационные видео усугубляют ваше положение. Любая активность  «Русской общины» может быть запрещена. Попытки «взять общество в руки» будут жёстко пресекаться. Ваша статья - 282.2 УК РФ (12 лет).",
    "sender": "+77755578418",
    "sentAt": "06.08.2025 15:33:55"
  },
  {
    "receiver": "+79260742641",
    "status": "✅ Відправлено",
    "message": "Действия и провокационные видео усугубляют ваше положение. Любая активность  «Русской общины» может быть запрещена. Попытки «взять общество в руки» будут жёстко пресекаться. Ваша статья - 282.2 УК РФ (12 лет).",
    "sender": "+77755578418",
    "sentAt": "06.08.2025 15:33:55"
  },
  {
    "receiver": "+79096622189",
    "status": "✅ Відправлено",
    "message": "Действия и провокационные видео усугубляют ваше положение. Любая активность  «Русской общины» может быть запрещена. Попытки «взять общество в руки» будут жёстко пресекаться. Ваша статья - 282.2 УК РФ (12 лет).",
    "sender": "+77755578418",
    "sentAt": "06.08.2025 15:33:55"
  },
  {
    "receiver": "+79855155951",
    "status": "✅ Відправлено",
    "message": "Действия и провокационные видео усугубляют ваше положение. Любая активность  «Русской общины» может быть запрещена. Попытки «взять общество в руки» будут жёстко пресекаться. Ваша статья - 282.2 УК РФ (12 лет).",
    "sender": "+77755578418",
    "sentAt": "06.08.2025 15:33:56"
  },
  {
    "receiver": "+79685267833",
    "status": "✅ Відправлено",
    "message": "Действия и провокационные видео усугубляют ваше положение. Любая активность  «Русской общины» может быть запрещена. Попытки «взять общество в руки» будут жёстко пресекаться. Ваша статья - 282.2 УК РФ (12 лет).",
    "sender": "+77755578418",
    "sentAt": "06.08.2025 15:33:56"
  },
  {
    "receiver": "+79250877290",
    "status": "✅ Відправлено",
    "message": "Действия и провокационные видео усугубляют ваше положение. Любая активность  «Русской общины» может быть запрещена. Попытки «взять общество в руки» будут жёстко пресекаться. Ваша статья - 282.2 УК РФ (12 лет).",
    "sender": "+77755578418",
    "sentAt": "06.08.2025 15:33:56"
  },
  {
    "receiver": "+79167427639",
    "status": "✅ Відправлено",
    "message": "Действия и провокационные видео усугубляют ваше положение. Любая активность  «Русской общины» может быть запрещена. Попытки «взять общество в руки» будут жёстко пресекаться. Ваша статья - 282.2 УК РФ (12 лет).",
    "sender": "+77755578418",
    "sentAt": "06.08.2025 15:33:57"
  },
  {
    "receiver": "+79853522512",
    "status": "✅ Відправлено",
    "message": "Действия и провокационные видео усугубляют ваше положение. Любая активность  «Русской общины» может быть запрещена. Попытки «взять общество в руки» будут жёстко пресекаться. Ваша статья - 282.2 УК РФ (12 лет).",
    "sender": "+77755578418",
    "sentAt": "06.08.2025 15:33:57"
  },
  {
    "receiver": "+79263848691",
    "status": "✅ Відправлено",
    "message": "Действия и провокационные видео усугубляют ваше положение. Любая активность  «Русской общины» может быть запрещена. Попытки «взять общество в руки» будут жёстко пресекаться. Ваша статья - 282.2 УК РФ (12 лет).",
    "sender": "+77755578418",
    "sentAt": "06.08.2025 15:33:57"
  },
  {
    "receiver": "+79265753543",
    "status": "✅ Відправлено",
    "message": "Действия и провокационные видео усугубляют ваше положение. Любая активность  «Русской общины» может быть запрещена. Попытки «взять общество в руки» будут жёстко пресекаться. Ваша статья - 282.2 УК РФ (12 лет).",
    "sender": "+77755578418",
    "sentAt": "06.08.2025 15:33:58"
  },
  {
    "receiver": "+79851661690",
    "status": "✅ Відправлено",
    "message": "Действия и провокационные видео усугубляют ваше положение. Любая активность  «Русской общины» может быть запрещена. Попытки «взять общество в руки» будут жёстко пресекаться. Ваша статья - 282.2 УК РФ (12 лет).",
    "sender": "+77755578418",
    "sentAt": "06.08.2025 15:33:58"
  },
  {
    "receiver": "+79263456602",
    "status": "✅ Відправлено",
    "message": "Действия и провокационные видео усугубляют ваше положение. Любая активность  «Русской общины» может быть запрещена. Попытки «взять общество в руки» будут жёстко пресекаться. Ваша статья - 282.2 УК РФ (12 лет).",
    "sender": "+77755578418",
    "sentAt": "06.08.2025 15:33:58"
  },
  {
    "receiver": "+79148848600",
    "status": "✅ Відправлено",
    "message": "Действия и провокационные видео усугубляют ваше положение. Любая активность  «Русской общины» может быть запрещена. Попытки «взять общество в руки» будут жёстко пресекаться. Ваша статья - 282.2 УК РФ (12 лет).",
    "sender": "+77755578418",
    "sentAt": "06.08.2025 15:33:59"
  },
  {
    "receiver": "+79225732480",
    "status": "✅ Відправлено",
    "message": "Действия и провокационные видео усугубляют ваше положение. Любая активность  «Русской общины» может быть запрещена. Попытки «взять общество в руки» будут жёстко пресекаться. Ваша статья - 282.2 УК РФ (12 лет).",
    "sender": "+77755578418",
    "sentAt": "06.08.2025 15:33:59"
  },
  {
    "receiver": "+79119814252",
    "status": "✅ Відправлено",
    "message": "Действия и провокационные видео усугубляют ваше положение. Любая активность  «Русской общины» может быть запрещена. Попытки «взять общество в руки» будут жёстко пресекаться. Ваша статья - 282.2 УК РФ (12 лет).",
    "sender": "+77755578418",
    "sentAt": "06.08.2025 15:33:59"
  },
  {
    "receiver": "+79917131363",
    "status": "✅ Відправлено",
    "message": "Действия и провокационные видео усугубляют ваше положение. Любая активность  «Русской общины» может быть запрещена. Попытки «взять общество в руки» будут жёстко пресекаться. Ваша статья - 282.2 УК РФ (12 лет).",
    "sender": "+77755578418",
    "sentAt": "06.08.2025 15:34:00"
  },
  {
    "receiver": "+79151645891",
    "status": "✅ Відправлено",
    "message": "Действия и провокационные видео усугубляют ваше положение. Любая активность  «Русской общины» может быть запрещена. Попытки «взять общество в руки» будут жёстко пресекаться. Ваша статья - 282.2 УК РФ (12 лет).",
    "sender": "+77755578418",
    "sentAt": "06.08.2025 15:34:00"
  },
  {
    "receiver": "+79150813131",
    "status": "✅ Відправлено",
    "message": "Действия и провокационные видео усугубляют ваше положение. Любая активность  «Русской общины» может быть запрещена. Попытки «взять общество в руки» будут жёстко пресекаться. Ваша статья - 282.2 УК РФ (12 лет).",
    "sender": "+77755578418",
    "sentAt": "06.08.2025 15:34:01"
  },
  {
    "receiver": "+79299668145",
    "status": "✅ Відправлено",
    "message": "Действия и провокационные видео усугубляют ваше положение. Любая активность  «Русской общины» может быть запрещена. Попытки «взять общество в руки» будут жёстко пресекаться. Ваша статья - 282.2 УК РФ (12 лет).",
    "sender": "+77755578418",
    "sentAt": "06.08.2025 15:34:01"
  },
  {
    "receiver": "+79038174599",
    "status": "✅ Відправлено",
    "message": "Действия и провокационные видео усугубляют ваше положение. Любая активность  «Русской общины» может быть запрещена. Попытки «взять общество в руки» будут жёстко пресекаться. Ваша статья - 282.2 УК РФ (12 лет).",
    "sender": "+77755578418",
    "sentAt": "06.08.2025 15:34:01"
  },
  {
    "receiver": "+79037444408",
    "status": "✅ Відправлено",
    "message": "Действия и провокационные видео усугубляют ваше положение. Любая активность  «Русской общины» может быть запрещена. Попытки «взять общество в руки» будут жёстко пресекаться. Ваша статья - 282.2 УК РФ (12 лет).",
    "sender": "+77755578418",
    "sentAt": "06.08.2025 15:34:02"
  },
  {
    "receiver": "+79998790573",
    "status": "✅ Відправлено",
    "message": "Действия и провокационные видео усугубляют ваше положение. Любая активность  «Русской общины» может быть запрещена. Попытки «взять общество в руки» будут жёстко пресекаться. Ваша статья - 282.2 УК РФ (12 лет).",
    "sender": "+77755578418",
    "sentAt": "06.08.2025 15:34:02"
  },
  {
    "receiver": "+79265999006",
    "status": "✅ Відправлено",
    "message": "Действия и провокационные видео усугубляют ваше положение. Любая активность  «Русской общины» может быть запрещена. Попытки «взять общество в руки» будут жёстко пресекаться. Ваша статья - 282.2 УК РФ (12 лет).",
    "sender": "+77755578418",
    "sentAt": "06.08.2025 15:34:02"
  },
  {
    "receiver": "+79256311877",
    "status": "✅ Відправлено",
    "message": "Действия и провокационные видео усугубляют ваше положение. Любая активность  «Русской общины» может быть запрещена. Попытки «взять общество в руки» будут жёстко пресекаться. Ваша статья - 282.2 УК РФ (12 лет).",
    "sender": "+77755578418",
    "sentAt": "06.08.2025 15:34:03"
  },
  {
    "receiver": "+79963585070",
    "status": "✅ Відправлено",
    "message": "Действия и провокационные видео усугубляют ваше положение. Любая активность  «Русской общины» может быть запрещена. Попытки «взять общество в руки» будут жёстко пресекаться. Ваша статья - 282.2 УК РФ (12 лет).",
    "sender": "+77755578418",
    "sentAt": "06.08.2025 15:34:03"
  },
  {
    "receiver": "+79771440225",
    "status": "✅ Відправлено",
    "message": "Действия и провокационные видео усугубляют ваше положение. Любая активность  «Русской общины» может быть запрещена. Попытки «взять общество в руки» будут жёстко пресекаться. Ваша статья - 282.2 УК РФ (12 лет).",
    "sender": "+77755578418",
    "sentAt": "06.08.2025 15:34:03"
  },
  {
    "receiver": "+79295816353",
    "status": "✅ Відправлено",
    "message": "Действия и провокационные видео усугубляют ваше положение. Любая активность  «Русской общины» может быть запрещена. Попытки «взять общество в руки» будут жёстко пресекаться. Ваша статья - 282.2 УК РФ (12 лет).",
    "sender": "+77755578418",
    "sentAt": "06.08.2025 15:34:04"
  },
  {
    "receiver": "+79309420306",
    "status": "✅ Відправлено",
    "message": "Действия и провокационные видео усугубляют ваше положение. Любая активность  «Русской общины» может быть запрещена. Попытки «взять общество в руки» будут жёстко пресекаться. Ваша статья - 282.2 УК РФ (12 лет).",
    "sender": "+77755578418",
    "sentAt": "06.08.2025 15:34:04"
  },
  {
    "receiver": "+79999055865",
    "status": "✅ Відправлено",
    "message": "Действия и провокационные видео усугубляют ваше положение. Любая активность  «Русской общины» может быть запрещена. Попытки «взять общество в руки» будут жёстко пресекаться. Ваша статья - 282.2 УК РФ (12 лет).",
    "sender": "+77755578418",
    "sentAt": "06.08.2025 15:34:04"
  },
  {
    "receiver": "+79161568666",
    "status": "✅ Відправлено",
    "message": "Действия и провокационные видео усугубляют ваше положение. Любая активность  «Русской общины» может быть запрещена. Попытки «взять общество в руки» будут жёстко пресекаться. Ваша статья - 282.2 УК РФ (12 лет).",
    "sender": "+77755578418",
    "sentAt": "06.08.2025 15:34:05"
  },
  {
    "receiver": "+79263819551",
    "status": "✅ Відправлено",
    "message": "Действия и провокационные видео усугубляют ваше положение. Любая активность  «Русской общины» может быть запрещена. Попытки «взять общество в руки» будут жёстко пресекаться. Ваша статья - 282.2 УК РФ (12 лет).",
    "sender": "+77755578418",
    "sentAt": "06.08.2025 15:34:05"
  },
  {
    "receiver": "+79168371796",
    "status": "✅ Відправлено",
    "message": "Действия и провокационные видео усугубляют ваше положение. Любая активность  «Русской общины» может быть запрещена. Попытки «взять общество в руки» будут жёстко пресекаться. Ваша статья - 282.2 УК РФ (12 лет).",
    "sender": "+77755578418",
    "sentAt": "06.08.2025 15:34:05"
  },
  {
    "receiver": "+79269161373",
    "status": "✅ Відправлено",
    "message": "Действия и провокационные видео усугубляют ваше положение. Любая активность  «Русской общины» может быть запрещена. Попытки «взять общество в руки» будут жёстко пресекаться. Ваша статья - 282.2 УК РФ (12 лет).",
    "sender": "+77755578418",
    "sentAt": "06.08.2025 15:34:06"
  },
  {
    "receiver": "+79778308463",
    "status": "✅ Відправлено",
    "message": "Действия и провокационные видео усугубляют ваше положение. Любая активность  «Русской общины» может быть запрещена. Попытки «взять общество в руки» будут жёстко пресекаться. Ваша статья - 282.2 УК РФ (12 лет).",
    "sender": "+77755578418",
    "sentAt": "06.08.2025 15:34:06"
  },
  {
    "receiver": "+79775794134",
    "status": "✅ Відправлено",
    "message": "Действия и провокационные видео усугубляют ваше положение. Любая активность  «Русской общины» может быть запрещена. Попытки «взять общество в руки» будут жёстко пресекаться. Ваша статья - 282.2 УК РФ (12 лет).",
    "sender": "+77755578418",
    "sentAt": "06.08.2025 15:34:06"
  },
  {
    "receiver": "+79251732865",
    "status": "✅ Відправлено",
    "message": "Действия и провокационные видео усугубляют ваше положение. Любая активность  «Русской общины» может быть запрещена. Попытки «взять общество в руки» будут жёстко пресекаться. Ваша статья - 282.2 УК РФ (12 лет).",
    "sender": "+77755578418",
    "sentAt": "06.08.2025 15:34:07"
  },
  {
    "receiver": "+79017519720",
    "status": "✅ Відправлено",
    "message": "Действия и провокационные видео усугубляют ваше положение. Любая активность  «Русской общины» может быть запрещена. Попытки «взять общество в руки» будут жёстко пресекаться. Ваша статья - 282.2 УК РФ (12 лет).",
    "sender": "+77755578418",
    "sentAt": "06.08.2025 15:34:07"
  },
  {
    "receiver": "+79268657718",
    "status": "✅ Відправлено",
    "message": "Действия и провокационные видео усугубляют ваше положение. Любая активность  «Русской общины» может быть запрещена. Попытки «взять общество в руки» будут жёстко пресекаться. Ваша статья - 282.2 УК РФ (12 лет).",
    "sender": "+77755578418",
    "sentAt": "06.08.2025 15:34:07"
  },
  {
    "receiver": "+79307534344",
    "status": "✅ Відправлено",
    "message": "Действия и провокационные видео усугубляют ваше положение. Любая активность  «Русской общины» может быть запрещена. Попытки «взять общество в руки» будут жёстко пресекаться. Ваша статья - 282.2 УК РФ (12 лет).",
    "sender": "+77755578418",
    "sentAt": "06.08.2025 15:34:08"
  },
  {
    "receiver": "+79778309792",
    "status": "✅ Відправлено",
    "message": "Действия и провокационные видео усугубляют ваше положение. Любая активность  «Русской общины» может быть запрещена. Попытки «взять общество в руки» будут жёстко пресекаться. Ваша статья - 282.2 УК РФ (12 лет).",
    "sender": "+77755578418",
    "sentAt": "06.08.2025 15:34:08"
  }
]